{
    "name": "root",
    "metadata": {
        "timer_format_version": "0.1.0",
        "start_time_seconds": "1593203931",
        "python_version": "3.7.7 (tags/v3.7.7:d7c567b08f, Mar 10 2020, 10:41:24) [MSC v.1900 64 bit (AMD64)]",
        "command_line_arguments": "C:\\Program Files (x86)\\Microsoft Visual Studio\\Shared\\Python37_64\\Scripts\\mlagents-learn PP_SAC_R00.yaml --run-id=PP_SAC_R00_01",
        "mlagents_version": "0.17.0",
        "mlagents_envs_version": "0.17.0",
        "communication_protocol_version": "1.0.0",
        "tensorflow_version": "2.2.0",
        "end_time_seconds": "1593204083"
    },
    "total": 151.8712572,
    "count": 1,
    "self": 0.004156300000005331,
    "children": {
        "run_training.setup": {
            "total": 0.012953699999999735,
            "count": 1,
            "self": 0.012953699999999735
        },
        "TrainerController.start_learning": {
            "total": 151.8541472,
            "count": 1,
            "self": 4.261550300000067,
            "children": {
                "TrainerController._reset_env": {
                    "total": 13.525909300000002,
                    "count": 1,
                    "self": 13.525909300000002
                },
                "TrainerController.advance": {
                    "total": 133.1156646999999,
                    "count": 613,
                    "self": 0.006093600000127708,
                    "children": {
                        "env_step": {
                            "total": 133.10957109999978,
                            "count": 613,
                            "self": 131.84015829999967,
                            "children": {
                                "SubprocessEnvManager._take_step": {
                                    "total": 1.2627943999998905,
                                    "count": 613,
                                    "self": 0.012623999999760827,
                                    "children": {
                                        "NNPolicy.evaluate": {
                                            "total": 1.2501704000001297,
                                            "count": 463,
                                            "self": 1.2501704000001297
                                        }
                                    }
                                },
                                "workers": {
                                    "total": 0.006618400000213853,
                                    "count": 612,
                                    "self": 0.0,
                                    "children": {
                                        "worker_root": {
                                            "total": 136.79473510000014,
                                            "count": 612,
                                            "is_parallel": true,
                                            "self": 5.596317699999815,
                                            "children": {
                                                "steps_from_proto": {
                                                    "total": 0.0009295999999991977,
                                                    "count": 1,
                                                    "is_parallel": true,
                                                    "self": 0.00029460000000014475,
                                                    "children": {
                                                        "_process_vector_observation": {
                                                            "total": 0.000634999999999053,
                                                            "count": 34,
                                                            "is_parallel": true,
                                                            "self": 0.000634999999999053
                                                        }
                                                    }
                                                },
                                                "UnityEnvironment.step": {
                                                    "total": 131.19748780000032,
                                                    "count": 612,
                                                    "is_parallel": true,
                                                    "self": 0.05951959999987366,
                                                    "children": {
                                                        "UnityEnvironment._generate_step_input": {
                                                            "total": 0.026825600000154992,
                                                            "count": 612,
                                                            "is_parallel": true,
                                                            "self": 0.026825600000154992
                                                        },
                                                        "communicator.exchange": {
                                                            "total": 130.6053060000002,
                                                            "count": 612,
                                                            "is_parallel": true,
                                                            "self": 130.6053060000002
                                                        },
                                                        "steps_from_proto": {
                                                            "total": 0.5058366000000767,
                                                            "count": 612,
                                                            "is_parallel": true,
                                                            "self": 0.15096150000137243,
                                                            "children": {
                                                                "_process_vector_observation": {
                                                                    "total": 0.35487509999870426,
                                                                    "count": 20808,
                                                                    "is_parallel": true,
                                                                    "self": 0.35487509999870426
                                                                }
                                                            }
                                                        }
                                                    }
                                                }
                                            }
                                        }
                                    }
                                }
                            }
                        }
                    }
                },
                "trainer_threads": {
                    "total": 2.0000000006348273e-05,
                    "count": 1,
                    "self": 2.0000000006348273e-05,
                    "children": {
                        "thread_root": {
                            "total": 0.0,
                            "count": 0,
                            "is_parallel": true,
                            "self": 0.0,
                            "children": {
                                "trainer_advance": {
                                    "total": 132.50330589999703,
                                    "count": 66829,
                                    "is_parallel": true,
                                    "self": 1.3303518999977655,
                                    "children": {
                                        "process_trajectory": {
                                            "total": 131.17295399999927,
                                            "count": 66829,